Source,Name,Start,Address,Coordinates,Get Directions,Ticket URL,Rank,Estimated Attendees
PredictHQ,Ravinia Festival,2025-06-06T05:00:00Z,,[],,,Major,N/A
PredictHQ,Chicago Public Schools - Summer Break,2025-06-13T00:00:00Z,,[],,,Major,N/A
PredictHQ,Moderate to Severe Delays - Chicago O'Hare International Airport (ORD),2025-07-19T13:00:00Z,,[],,,Major,N/A
PredictHQ,Wicker Park Fest,2025-07-25T05:00:00Z,,[],,,Major,N/A
PredictHQ,Boston Red Sox vs Chicago Cubs,2025-07-20T18:20:00Z,,[],,,Major,N/A
PredictHQ,Kansas City Royals vs Chicago Cubs,2025-07-23T18:20:00Z,,[],,,Major,N/A
PredictHQ,Kansas City Royals vs Chicago Cubs,2025-07-23T00:05:00Z,,[],,,Significant,N/A
PredictHQ,Kansas City Royals vs Chicago Cubs,2025-07-22T00:05:00Z,,[],,,Significant,N/A
PredictHQ,Chicago White Sox vs Pittsburgh Pirates,2025-07-20T17:35:00Z,,[],,,Significant,N/A
PredictHQ,West Fest Chicago,2025-07-18T05:00:00Z,,[],,,Significant,N/A
PredictHQ,Chicago Cubs vs Chicago White Sox,2025-07-26T23:10:00Z,,[],,,Significant,N/A
PredictHQ,Chicago Cubs vs Chicago White Sox,2025-07-25T23:40:00Z,,[],,,Significant,N/A
PredictHQ,Chicago Cubs vs Chicago White Sox,2025-07-27T18:10:00Z,,[],,,Significant,N/A
PredictHQ,ATEEZ,2025-07-27T00:30:00Z,,[],,,Significant,N/A
PredictHQ,MLS - New York RB vs Chicago Fire,2025-07-27T00:30:00Z,,[],,,Significant,N/A
PredictHQ,Cactus & Succulent Society of Greater Chicago Show & Sale,2025-07-19T15:00:00Z,,[],,,Significant,N/A
PredictHQ,Chicago Toy Show,2025-07-27T13:00:00Z,,[],,,Significant,N/A
PredictHQ,Chicago White Sox vs Tampa Bay Rays,2025-07-22T23:35:00Z,,[],,,Significant,N/A
PredictHQ,Chicago White Sox vs Tampa Bay Rays,2025-07-23T23:35:00Z,,[],,,Significant,N/A
PredictHQ,Chicago White Sox vs Tampa Bay Rays,2025-07-21T23:35:00Z,,[],,,Significant,N/A
PredictHQ,ASI Show Chicago,2025-07-22T14:00:00Z,,[],,,Significant,N/A
PredictHQ,WNBA - Indiana Fever vs Chicago Sky,2025-07-27T19:00:00Z,,[],,,Significant,N/A
PredictHQ,"Bridal Expo Chicago,  Sun, July 27th,  Embassy Suites Naperville, 11a-3p",2025-07-27T16:00:00Z,,[],,,Significant,N/A
PredictHQ,Big3 3x3 - Dallas Power 3x3 vs Miami 305 3x3,2025-07-20T20:00:00Z,,[],,,Significant,N/A
PredictHQ,Chicago Sky vs Minnesota Lynx,2025-07-23T00:00:00Z,,[],,,Significant,N/A
PredictHQ,Indiana Fever vs Chicago Sky,2025-07-27T19:00:00Z,,[],,,Significant,N/A
PredictHQ,Seattle Storm vs Chicago Sky,2025-07-25T00:30:00Z,,[],,,Significant,N/A
PredictHQ,Polish & Beauty Expo Chicago 2025,2025-07-19T15:00:00Z,,[],,,Significant,N/A
PredictHQ,Polish & Beauty Expo Chicago Sunday July 2025,2025-07-20T18:00:00Z,,[],,,Significant,N/A
PredictHQ,Big3 3x3 - Boston Ball Hogs 3x3 vs Chicago Triplets 3x3,2025-07-26T20:00:00Z,,[],,,Significant,N/A
PredictHQ,School City of East Chicago - Summer Break,2025-05-24T00:00:00Z,,[],,,Significant,N/A
PredictHQ,Chicago,2025-07-27T00:00:00Z,,[],,,Significant,N/A
PredictHQ,Chicago,2025-07-27T23:00:00Z,,[],,,Significant,N/A
PredictHQ,Chicago,2025-07-24T00:00:00Z,,[],,,Significant,N/A
PredictHQ,Lord Huron with Indigo De Souza,2025-07-20T23:30:00Z,,[],,,Significant,N/A
PredictHQ,West Chicago Elementary School District 33 - Summer Break,2025-06-13T00:00:00Z,,[],,,Significant,N/A
PredictHQ,North Chicago School District 187 - Summer Break,2025-06-03T00:00:00Z,,[],,,Significant,N/A
PredictHQ,Yeah Yeah Yeahs,2025-07-23T00:30:00Z,,[],,,Significant,N/A
PredictHQ,Chicago Heights School District 170 - Summer Break,2025-05-24T00:00:00Z,,[],,,Important,N/A
PredictHQ,Deep Dish,2025-07-20T03:00:00Z,,[],,,Important,N/A
PredictHQ,Silversun Pickups,2025-07-21T00:30:00Z,,[],,,Important,N/A
PredictHQ,The Warning,2025-07-23T00:00:00Z,,[],,,Important,N/A
PredictHQ,Francis Ford Coppola at Chicago Theatre,2025-07-26T00:00:00Z,,[],,,Important,N/A
PredictHQ,Chicago,2025-07-26T00:00:00Z,,[],,,Important,N/A
PredictHQ,Park Forest-Chicago Heights School District 163 - Summer Break,2025-05-31T00:00:00Z,,[],,,Important,N/A
PredictHQ,Beauty And The Beast at Cadillac Palace Theatre,2025-07-26T19:00:00Z,,[],,,Important,N/A
PredictHQ,"Blues Traveler with Gin Blossoms, Spin Doctors",2025-07-27T01:00:00Z,,[],,,Important,N/A
PredictHQ,"Chicago Yarn Crawl 2025 ‚Äì AriYARN Shop and Studio, Park Ridge",2025-07-26T15:00:00Z,,[],,,Important,N/A
PredictHQ,Beauty And The Beast at Cadillac Palace Theatre,2025-07-25T00:00:00Z,,[],,,Important,N/A
PredictHQ,Beauty And The Beast at Cadillac Palace Theatre,2025-07-23T18:00:00Z,,[],,,Important,N/A
PredictHQ,Beauty And The Beast at Cadillac Palace Theatre,2025-07-20T23:30:00Z,,[],,,Important,N/A
PredictHQ,12th Annual Chicago International Dragon Boat Festival,2025-07-26T14:00:00Z,,[],,,Important,N/A
PredictHQ,Beauty And The Beast at Cadillac Palace Theatre,2025-07-20T00:30:00Z,,[],,,Important,N/A
PredictHQ,Beauty And The Beast at Cadillac Palace Theatre,2025-07-24T00:00:00Z,,[],,,Important,N/A
PredictHQ,Beauty And The Beast at Cadillac Palace Theatre,2025-07-27T00:30:00Z,,[],,,Important,N/A
PredictHQ,Beauty And The Beast at Cadillac Palace Theatre,2025-07-26T00:30:00Z,,[],,,Important,N/A
PredictHQ,Beauty And The Beast at Cadillac Palace Theatre,2025-07-20T18:00:00Z,,[],,,Important,N/A
PredictHQ,Beauty And The Beast at Cadillac Palace Theatre,2025-07-27T23:30:00Z,,[],,,Important,N/A
PredictHQ,Beauty And The Beast at Cadillac Palace Theatre,2025-07-27T18:00:00Z,,[],,,Important,N/A
PredictHQ,West Fest Chicago at Chicago Avenue,2025-07-19T05:00:00Z,,[],,,Important,N/A
PredictHQ,IDSA WID Chicago Salon Series - Museum Night,2025-07-22T23:00:00Z,,[],,,Important,N/A
PredictHQ,Chicago Ridge School District 127.5 - Summer Break,2025-06-07T00:00:00Z,,[],,,Important,N/A
PredictHQ,Winfield Food Truck Festival,2025-07-20T17:00:00Z,,[],,,Important,N/A
PredictHQ,Slayyyter,2025-07-27T02:00:00Z,,[],,,Important,N/A
PredictHQ,Dubai Luxury Property Show | Ritz Carlton | Chicago V1,2025-07-26T15:00:00Z,,[],,,Important,N/A
PredictHQ,The Crane Wives,2025-07-27T00:30:00Z,,[],,,Important,N/A
PredictHQ,Kheemerfest V,2025-07-19T19:00:00Z,,[],,,Important,N/A
PredictHQ,Chicago,2025-07-23T00:00:00Z,,[],,,Important,N/A
PredictHQ,Cumbiatron,2025-07-20T02:00:00Z,,[],,,Important,N/A
PredictHQ,Chicago Symphony Orchestra Chamber Music: Rory McEwen - A New Perspective on Nature,2025-07-22T23:30:00Z,,[],,,Important,N/A
PredictHQ,Jon B.,2025-07-27T00:00:00Z,,[],,,Important,N/A
PredictHQ,"Natural Hair Fest¬Æ CHICAGO Creativity, Community & Culture",2025-07-27T15:00:00Z,,[],,,Important,N/A
PredictHQ,Anders Osborne,2025-07-26T01:00:00Z,,[],,,Important,N/A
PredictHQ,SalaamFest V2,2025-07-19T18:00:00Z,,[],,,Important,N/A
PredictHQ,The Travelin' McCourys,2025-07-27T01:00:00Z,,[],,,Important,N/A
PredictHQ,Anders Osborne,2025-07-25T01:00:00Z,,[],,,Important,N/A
PredictHQ,Gran Festival Colombiano - Chicago,2025-07-19T18:00:00Z,,[],,,Important,N/A
PredictHQ,Windy City Market Vintage & Artisan Fest in the loop,2025-07-19T17:00:00Z,,[],,,Important,N/A
PredictHQ,Teacher Comedy Night - CHICAGO - The Unteachables Live!,2025-07-21T00:00:00Z,,[],,,Important,N/A
PredictHQ,Scene Queen,2025-07-21T00:00:00Z,,[],,,Important,N/A
PredictHQ,SOLD OUT Reggaeton Fest 2025 on Oak Street Beach New Date Announced,2025-07-19T19:00:00Z,,[],,,Important,N/A
PredictHQ,Odd Man Out,2025-07-20T21:00:00Z,,[],,,Important,N/A
PredictHQ,Volleywood: Chicago‚Äôs Biggest Beachfront Music Fest,2025-07-19T16:00:00Z,,[],,,Important,N/A
PredictHQ,Chicago Beef Joint Summer Concerts Series,2025-07-26T23:00:00Z,,[],,,Important,N/A
PredictHQ,The Vault Market - Chicago,2025-07-19T17:00:00Z,,[],,,Important,N/A
PredictHQ,Chicago Startup Weekend,2025-07-18T14:00:00Z,,[],,,Important,N/A
PredictHQ,Chicago Summer Tequila Tasting Festival,2025-07-26T05:00:00Z,,[],,,Important,N/A
PredictHQ,The Perspective Tour Chicago,2025-07-27T15:00:00Z,,[],,,Important,N/A
PredictHQ,IAAP Summit Chicago,2025-07-19T14:00:00Z,,[],,,Important,N/A
PredictHQ,Caffeine and Chrome ‚Äì Gateway Classic Cars of Chicago,2025-07-26T14:00:00Z,,[],,,Important,N/A
PredictHQ,"""ALL THE FEELS"" Chicago (R&B, Trap & Twerk)",2025-07-20T03:00:00Z,,[],,,Important,N/A
PredictHQ,Youth Basketball - 4th Annual Chicago Jam Fest National Showdown,2025-07-25T05:00:00Z,,[],,,Important,N/A
PredictHQ,"IAAP Summit 2025 Conference | Chicago, IL",2025-07-18T16:00:00Z,,[],,,Important,N/A
PredictHQ,The Chicago HITMEN at Lisle Park District!,2025-07-24T00:00:00Z,,[],,,Important,N/A
PredictHQ,Jollof Festival Chicago 2025,2025-07-26T20:00:00Z,,[],,,Important,N/A
PredictHQ,Chicago's Own Piano Man at Mez√© Mediterr√°neo,2025-07-20T00:30:00Z,,[],,,Important,N/A
PredictHQ,Chicago Obesity Summit,2025-07-25T14:00:00Z,,[],,,Important,N/A
PredictHQ,"July 19, 2025 - Shop Black Fest - Chicago",2025-07-19T19:00:00Z,,[],,,Important,N/A
PredictHQ,Sunday cruise days @chicago Hotdog and sausage company,2025-07-20T15:30:00Z,,[],,,Important,N/A
PredictHQ,TRANCEPORTAL PRESENTS: MIYUKI (CHI) - Austin,2025-07-27T02:00:00Z,,[],,,Important,N/A
PredictHQ,Chicago Fair Trade Kitchen Swap,2025-07-25T23:00:00Z,,[],,,Important,N/A
PredictHQ,Chicago Summit of Strength,2025-07-26T14:30:00Z,,[],,,Important,N/A
PredictHQ,BIG BAND & BBQ: Chicago Skyliner's w/ Bill O'Connell,2025-07-21T00:00:00Z,,[],,,Important,N/A
PredictHQ,Club Classics: Charli XCX Dance Party [Chicago],2025-07-20T02:00:00Z,,[],,,Important,N/A
PredictHQ,Chicago,2025-07-24T23:00:00Z,,[],,,Important,N/A
PredictHQ,Chicago,2025-07-22T23:00:00Z,,[],,,Important,N/A
PredictHQ,Chicago,2025-07-20T23:00:00Z,,[],,,Important,N/A
PredictHQ,Chicago,2025-07-21T23:00:00Z,,[],,,Important,N/A
PredictHQ,STAY H: Trinket Fest,2025-07-20T21:00:00Z,,[],,,Important,N/A
PredictHQ,"Ben Rector, Mat Kearney in Chicago",2025-07-25T23:30:00Z,,[],,,Important,N/A
PredictHQ,YVAN POUR YESUE  The Chicago Gospel Show,2025-07-27T21:00:00Z,,[],,,Important,N/A
PredictHQ,Chicago,2025-07-27T23:00:00Z,,[],,,Important,N/A
PredictHQ,AEG Chicago Q3 Stakeholder Challenge: Grid Modernization,2025-07-24T14:00:00Z,,[],,,Important,N/A
PredictHQ,Chicago,2025-07-26T18:30:00Z,,[],,,Important,N/A
PredictHQ,Chicago,2025-07-26T00:00:00Z,,[],,,Important,N/A
PredictHQ,Midwest Region Fellows and Pathfinders Chicago Regional Meeting,2025-07-21T14:00:00Z,,[],,,Moderate,N/A
PredictHQ,FHLBank Chicago Management Conference,2025-07-24T14:00:00Z,,[],,,Moderate,N/A
PredictHQ,REO Survivor,2025-07-26T22:30:00Z,,[],,,Moderate,N/A
PredictHQ,Eric Roberson at City Winery Chicago,2025-07-27T00:30:00Z,,[],,,Moderate,N/A
PredictHQ,The Chicago Tribute Authority of Texas is coming to Bonham‚Äòs own Powder Creek Pavilion.üëç,2025-07-20T01:00:00Z,,[],,,Moderate,N/A
PredictHQ,Venetian Night Chicago,2025-07-26T23:00:00Z,,[],,,Moderate,N/A
PredictHQ,Tequila Tuesday at Shore Club Chicago,2025-07-22T16:00:00Z,,[],,,Moderate,N/A
PredictHQ,Eric Roberson at City Winery Chicago,2025-07-25T00:30:00Z,,[],,,Moderate,N/A
PredictHQ,Chicago Teen Edition,2025-07-27T19:00:00Z,,[],,,Moderate,N/A
PredictHQ,Storm Large at City Winery Chicago,2025-07-24T00:00:00Z,,[],,,Moderate,N/A
PredictHQ,Grupo Firme in Chicago,2025-07-19T20:00:00Z,,[],,,Moderate,N/A
PredictHQ,Reggies Crosstown Classic Party | Friday,2025-07-25T21:00:00Z,,[],,,Moderate,N/A
PredictHQ,Moderate to Significant Delays - Chicago Rockford International Airport (RFD),2025-07-19T23:30:00Z,,[],,,Moderate,N/A
PredictHQ,Chicago Teen Edition,2025-07-27T00:30:00Z,,[],,,Moderate,N/A
PredictHQ,Chicago Teen Edition,2025-07-26T00:30:00Z,,[],,,Moderate,N/A
PredictHQ,Grown-Up Pizza Party at Benchmark in Old Town Chicago,2025-07-26T00:00:00Z,,[],,,Moderate,N/A
PredictHQ,Eric Roberson at City Winery Chicago,2025-07-26T00:30:00Z,,[],,,Moderate,N/A
PredictHQ,Friends of Flyman Zine Fest and Popup Market,2025-07-26T20:00:00Z,,[],,,Moderate,N/A
PredictHQ,Elle Orlando Headlines Flophouse,2025-07-25T00:00:00Z,,[],,,Moderate,N/A
PredictHQ,Rock the Pool with Sushi Roll,2025-07-20T00:30:00Z,,[],,,Moderate,N/A
PredictHQ,Chicago Mule | Music at LedgeStone,2025-07-27T20:00:00Z,,[],,,Moderate,N/A
PredictHQ,CHICAGO REGION BMW CLUB SUPERIOR SUMMER,2025-07-17T05:00:00Z,,[],,,Moderate,N/A
PredictHQ,Mt. Morris Jamboree Featuring Chicago Tribute Anthology,2025-07-26T00:00:00Z,,[],,,Moderate,N/A
PredictHQ,Aja Vu - Performing the music of Chicago + Steely Dan,2025-07-20T03:30:00Z,,[],,,Moderate,N/A
PredictHQ,Part 3 of the 2025 Summer Monthly Jazz Series,2025-07-20T21:00:00Z,,[],,,Moderate,N/A
PredictHQ,Sam Feldt in Chicago,2025-07-26T22:00:00Z,,[],,,Moderate,N/A
PredictHQ,MANZANITA SOUNDSYSTEM,2025-07-20T04:00:00Z,,[],,,Moderate,N/A
PredictHQ,STRUNG OUT - CHICAGO AT THE LAKE FOREST MARKET SQUARE CAR SHOW & CONCERT,2025-07-24T23:30:00Z,,[],,,Moderate,N/A
PredictHQ,Chicago Youth Awards 2025,2025-07-27T20:00:00Z,,[],,,Moderate,N/A
PredictHQ,Alive Again! A Tribute to Chicago,2025-07-25T00:00:00Z,,[],,,Moderate,N/A
PredictHQ,Credo Festival Orchestra at Chicago Symphony Center,2025-07-20T00:00:00Z,,[],,,Moderate,N/A
PredictHQ,"SILENT ""JUKE JAMS & DRUNK ANTHEMS"" PARTY CHICAGO (Trap, RnB, Twerk)",2025-07-20T03:00:00Z,,[],,,Moderate,N/A
PredictHQ,The Swellest,2025-07-26T20:00:00Z,,[],,,Moderate,N/A
PredictHQ,Andy Squyres in Chicago on July 25  at Midwest Bible Church!,2025-07-26T00:00:00Z,,[],,,Moderate,N/A
PredictHQ,IGNITE Youth Theatre presents CHICAGO: Teen Edition,2025-07-25T23:00:00Z,,[],,,Moderate,N/A
PredictHQ,Beats and Eats: The Chicago Invasion,2025-07-27T00:00:00Z,,[],,,Moderate,N/A
PredictHQ,Glory Hour Unplugged Chicago,2025-07-23T00:00:00Z,,[],,,Moderate,N/A
PredictHQ,AI in Accounting Summit - Chicago,2025-07-22T14:00:00Z,,[],,,Moderate,N/A
PredictHQ,Chicago Speed Dating | Ages 25-39 | Saturday Night | SpeedChicago,2025-07-20T00:30:00Z,,[],,,Moderate,N/A
PredictHQ,DJ JINX'D at Dorothy,2025-07-20T02:00:00Z,,[],,,Moderate,N/A
PredictHQ,"Omar,Omar at City Winery Chicago",2025-07-23T00:30:00Z,,[],,,Moderate,N/A
PredictHQ,Colvin Concerts: The Chris Greene Quartet,2025-07-22T23:30:00Z,,[],,,Moderate,N/A
PredictHQ,Mariachi Gavilanes De Chicago,2025-07-20T19:00:00Z,,[],,,Moderate,N/A
PredictHQ,Chicago Cajun Jam,2025-07-27T19:00:00Z,,[],,,Moderate,N/A
PredictHQ,Workshop: Scenework - the Chicago Way,2025-07-27T17:00:00Z,,[],,,Moderate,N/A
PredictHQ,TSF's Chicago Patient Day for Rare Neuroinflammatory Disorders,2025-07-26T16:00:00Z,,[],,,Moderate,N/A
PredictHQ,Formerly of Chicago  THE PLAYERS TRIO  With Jeff Coffey & Keith Howland,2025-07-20T22:00:00Z,,[],,,Moderate,N/A
PredictHQ,Chicago Water Lantern Festival,2025-07-26T22:30:00Z,,[],,,Moderate,N/A
PredictHQ,ROCKOLOGY CHICAGO ROCKIN' PIEROGI FEST - BEER GARDEN STAGE,2025-07-25T22:00:00Z,,[],,,Moderate,N/A
PredictHQ,Eli & Fur,2025-07-26T19:00:00Z,,[],,,Moderate,N/A
PredictHQ,Mitch Please,2025-07-20T03:30:00Z,,[],,,Moderate,N/A
PredictHQ,Concerts on the Green: Chicago Transit Experience,2025-07-23T02:00:00Z,,[],,,Moderate,N/A
PredictHQ,The Wild Chicago,2025-07-25T23:00:00Z,,[],,,Moderate,N/A
PredictHQ,The Mackenzie O'Brien Band at Barstool River North (Chicago),2025-07-26T02:30:00Z,,[],,,Moderate,N/A
PredictHQ,Damon Wayans Jr.,2025-07-27T00:00:00Z,,[],,,Moderate,N/A
PredictHQ,"XOXO: (R&B, Twerk, Slow Jamz)",2025-07-27T03:00:00Z,,[],,,Moderate,N/A
PredictHQ,Join us for Heartfulness Day - Meditate & Rejuvenate!,2025-07-27T14:00:00Z,,[],,,Moderate,N/A
PredictHQ,Chicago 2025 Better Love Yourself Trunk Pep Rally for Education,2025-07-27T19:00:00Z,,[],,,Moderate,N/A
PredictHQ,Sensual Movement Chicago Social,2025-07-26T01:30:00Z,,[],,,Moderate,N/A
PredictHQ,Chicago Rewired,2025-07-23T23:30:00Z,,[],,,Moderate,N/A
PredictHQ,Chicago Rewired,2025-07-24T23:30:00Z,,[],,,Moderate,N/A
PredictHQ,Dinner Detective Northern Chicago Suburbs July 26th Public Show,2025-07-26T23:00:00Z,,[],,,Moderate,N/A
PredictHQ,SWIMWEAR & SHADES CHICAGO 2025 (DAY PARTY EVENT),2025-07-26T21:00:00Z,,[],,,Moderate,N/A
PredictHQ,FEMME DISTRICT | SPACE TECHNO,2025-07-26T02:00:00Z,,[],,,Moderate,N/A
PredictHQ,South Side Zine Fest presented by Zine Club Chicago,2025-07-26T16:00:00Z,,[],,,Moderate,N/A
PredictHQ,"LEAD SINGERS OF CLASSIC ROCK w/JASON SCHEFF from CHICAGO and TOMMY DeCARLO, formerly of BOSTON",2025-07-27T01:00:00Z,,[],,,Moderate,N/A
PredictHQ,Chicago Teen Edition,2025-07-25T23:00:00Z,,[],,,Moderate,N/A
PredictHQ,Big Bad Blues Night w/ Chicago Beau,2025-07-27T00:00:00Z,,[],,,Moderate,N/A
PredictHQ,Big Dog Mercer Band Live at The Warehouse on Park,2025-07-27T00:00:00Z,,[],,,Moderate,N/A
PredictHQ,Lace Up: Chicago Footwork,2025-07-20T19:00:00Z,,[],,,Moderate,N/A
PredictHQ,"CHICAGO'S #1 DESI PARTY, FAKE SHAADI ON JUL 26, WITH DJ RAHULL @LORE",2025-07-27T02:00:00Z,,[],,,Moderate,N/A
PredictHQ,"EXIN BCS Generative AI Award 1 Day Training in Chicago, IL",2025-07-25T14:00:00Z,,[],,,Moderate,N/A
PredictHQ,The Odyssey of Homer - LIVE in Chicago,2025-07-26T23:00:00Z,,[],,,Moderate,N/A
PredictHQ,Beats at the Bowl Saturdays at Lucky Strike Chicago,2025-07-20T02:00:00Z,,[],,,Moderate,N/A
PredictHQ,STRUNG OUT - CHICAGO AT WHITING PIEROGI FEST!,2025-07-27T20:00:00Z,,[],,,Moderate,N/A
PredictHQ,Chicago's Own Piano Man at Taverna on Division Melrose Park,2025-07-26T00:30:00Z,,[],,,Moderate,N/A
PredictHQ,Stand Up Comedy @ Laugh And Enjoy in West Chicago!,2025-07-20T01:00:00Z,,[],,,Moderate,N/A
PredictHQ,Broke But Famous Presents Baldhead Phillips & Friends @ Riddles,2025-07-26T00:30:00Z,,[],,,Moderate,N/A
PredictHQ,Chicago Funk!  It's Bumpus LIVE!,2025-07-20T19:00:00Z,,[],,,Moderate,N/A
PredictHQ,Ku & The Gang Comedy Show @ The BOX 2.0,2025-07-25T23:30:00Z,,[],,,Moderate,N/A
PredictHQ,The Atlanta Brass Cats,2025-07-26T22:00:00Z,,[],,,Moderate,N/A
PredictHQ,Chicago Comedy Club @ the Foundation Room,2025-07-24T23:00:00Z,,[],,,Moderate,N/A
PredictHQ,Together Against Breast Cancer 5K/10K/13.1 CHICAGO/EVANSTON,2025-07-26T12:30:00Z,,[],,,Moderate,N/A
PredictHQ,IBE All White Affair,2025-07-20T02:00:00Z,,[],,,Moderate,N/A
PredictHQ,BOLLYWOOD TREEHOUSE - Chicago,2025-07-27T03:00:00Z,,[],,,Moderate,N/A
PredictHQ,Chicago Tech Week at Macy's Culinary Studio,2025-07-21T17:00:00Z,,[],,,Moderate,N/A
PredictHQ,45 RPM Chicago Live at Ridgeville Park District,2025-07-23T23:00:00Z,,[],,,Moderate,N/A
PredictHQ,"From Fairground to Film Set: Chicago's Midway, Movies, and the 1893 World's Fair Guided Walking Tour",2025-07-20T15:30:00Z,,[],,,Moderate,N/A
PredictHQ,Best Night Ever,2025-07-23T01:00:00Z,,[],,,Moderate,N/A
PredictHQ,Passion 4 Poetry- Chicago,2025-07-27T01:00:00Z,,[],,,Moderate,N/A
PredictHQ,Chicago Skepticamp 2025,2025-07-27T17:00:00Z,,[],,,Moderate,N/A
PredictHQ,Pre Fight Night Comedy,2025-07-25T00:00:00Z,,[],,,Moderate,N/A
PredictHQ,Hecklers‚Äô Happy Hour Comedy Show,2025-07-19T23:00:00Z,,[],,,Moderate,N/A
PredictHQ,Lunch & Learn: Unlocking Equitable Real Estate Opportunities in Chicago,2025-07-23T17:30:00Z,,[],,,Moderate,N/A
PredictHQ,OSCAR MBO Live in CHICAGO 07.25.2025,2025-07-26T03:00:00Z,,[],,,Moderate,N/A
PredictHQ,Da Poetic Plug Chicago Experience,2025-07-26T00:00:00Z,,[],,,Moderate,N/A
PredictHQ,Poly Night Invades Chicago Theater Works,2025-07-26T01:00:00Z,,[],,,Moderate,N/A
PredictHQ,2025 CAFM Summer Social Brunch (@ Trigger Chicago)!,2025-07-26T15:30:00Z,,[],,,Moderate,N/A
PredictHQ,Tapped In Miskatonic,2025-07-20T01:00:00Z,,[],,,Moderate,N/A
PredictHQ,ANTOINE ANTHONY & THE CHICAGO PLAYERS,2025-07-27T21:00:00Z,,[],,,Moderate,N/A
PredictHQ,EVERY WEDNESDAY! DA FUNNY PEOPLE  #1 OPEN MIC COMEDY SHOW IN CHICAGO!,2025-07-24T01:00:00Z,,[],,,Moderate,N/A
PredictHQ,Louis Katz,2025-07-20T00:00:00Z,,[],,,Moderate,N/A
PredictHQ,Hot 5 Comedy Show,2025-07-20T23:00:00Z,,[],,,Moderate,N/A
PredictHQ,The Moth Chicago StorySLAM:  ROAD TRIP,2025-07-24T00:00:00Z,,[],,,Moderate,N/A
PredictHQ,Chicago Mule! Summer Concert Series: Night 3,2025-07-24T21:30:00Z,,[],,,Moderate,N/A
PredictHQ,Cannibal Kids (Miami) + Pretoria (Chicago) + Mossheads (Tampa) at The Bricks,2025-07-20T00:00:00Z,,[],,,Moderate,N/A
PredictHQ,Speed Dating Chicago | In-Person | Cityswoon | Ages 28-40,2025-07-25T00:30:00Z,,[],,,Moderate,N/A
PredictHQ,Monday Night Stand Up at Laugh Factory Chicago,2025-07-22T01:00:00Z,,[],,,Moderate,N/A
PredictHQ,Saut√©ed Standup: Chicago's Only Live Comedy Cooking Competition Show!,2025-07-21T00:00:00Z,,[],,,Moderate,N/A
PredictHQ,Comic Court: Chicago's #1 Comedy Court show,2025-07-20T03:00:00Z,,[],,,Moderate,N/A
PredictHQ,Limelight - Chicago‚Äôs most exciting Comedy Showcase,2025-07-26T00:30:00Z,,[],,,Moderate,N/A
PredictHQ,Layloni Ghee Band - Little Chicago Club,2025-07-20T01:00:00Z,,[],,,Moderate,N/A
PredictHQ,Open Mic at Laugh Factory Chicago,2025-07-23T02:00:00Z,,[],,,Moderate,N/A
PredictHQ,The Variants - Chicago Takeover (At The Private Sweet),2025-07-20T03:00:00Z,,[],,,Moderate,N/A
PredictHQ,Emery at The WC Social Club,2025-07-21T00:00:00Z,,[],,,Moderate,N/A
PredictHQ,"SPARROW BLUE w/ THE KOZMIC KICKS and SATIN BANSHEE LIVE IN CHICAGO, IL",2025-07-25T00:00:00Z,,[],,,Moderate,N/A
PredictHQ,SUNDAY JULY 20: LONDON BROWN,2025-07-21T00:00:00Z,,[],,,Moderate,N/A
PredictHQ,Wine Wednesday at Shore Club Chicago,2025-07-23T22:00:00Z,,[],,,Moderate,N/A
PredictHQ,SATURDAY JULY 19: JOSH OCEAN THOMAS AND FRIENDS,2025-07-20T03:00:00Z,,[],,,Moderate,N/A
PredictHQ,Tuesday Night Stand Up at Laugh Factory Chicago,2025-07-23T00:30:00Z,,[],,,Moderate,N/A
PredictHQ,Live Comedy at O'Callaghans,2025-07-21T00:00:00Z,,[],,,Moderate,N/A
PredictHQ,Sunday Night Stand Up at Laugh Factory Chicago,2025-07-21T00:00:00Z,,[],,,Moderate,N/A
PredictHQ,Chicago‚Äôs Best Stand Up At The Laugh Factory,2025-07-20T00:00:00Z,,[],,,Moderate,N/A
PredictHQ,South Loop Standup: One of Chicago's BEST Comedy Shows!,2025-07-22T00:00:00Z,,[],,,Moderate,N/A
PredictHQ,SATURDAY JULY 26: CALVIN EVANS,2025-07-27T02:30:00Z,,[],,,Moderate,N/A
PredictHQ,Camera Eye,2025-07-26T19:00:00Z,,[],,,Moderate,N/A
PredictHQ,An Evening with Agave | McCormick & Schmick's - Chicago,2025-07-25T00:00:00Z,,[],,,Moderate,N/A
PredictHQ,Here for a Fun Time!: A Bubblingly Fun Chicago Comedy Showcase,2025-07-27T00:30:00Z,,[],,,Moderate,N/A
PredictHQ,Chicago Farmer Folkin' Tuesdays at the Rose Bowl Tavern!,2025-07-22T22:00:00Z,,[],,,Moderate,N/A
PredictHQ,AMERICAN LEGION/CHICAGO RIDGE,2025-07-20T18:00:00Z,,[],,,Moderate,N/A
PredictHQ,Wheel Throwing Pottery Class ‚Äì Make Your Own Ceramics in Chicago,2025-07-20T22:30:00Z,,[],,,Moderate,N/A
PredictHQ,Solid Brass: Tribute to Chicago & Other Great Horn Bands from The 60s & 70s,2025-07-26T00:00:00Z,,[],,,Moderate,N/A
PredictHQ,MAD MILLIE BAND @ Wrigley's Chicago Bar & Grill,2025-07-26T22:00:00Z,,[],,,Moderate,N/A
PredictHQ,Mother's Cookies Chocolatey Dynamite Dinosaur Frostology Lab in Chicago,2025-07-19T15:00:00Z,,[],,,Moderate,N/A
PredictHQ,Journey of Hope Friendship Visit Ride Along,2025-07-23T14:00:00Z,,[],,,Moderate,N/A
PredictHQ,The Best of Chicago Showcase at Zanies Rosemont,2025-07-24T00:00:00Z,,[],,,Moderate,N/A
PredictHQ,Installation of the 87th ANMA President Mavis Parkman James,2025-07-23T14:00:00Z,,[],,,Moderate,N/A
PredictHQ,The Original Chicago Hauntings Ghost Tour,2025-07-20T00:00:00Z,,[],,,Moderate,N/A
PredictHQ,Paint & Sip at Shore Club Chicago,2025-07-21T16:00:00Z,,[],,,Moderate,N/A
PredictHQ,Night Shift - Standup Comedy Show,2025-07-27T23:00:00Z,,[],,,Moderate,N/A
PredictHQ,"Run Chi-Town ""Windy City"" 5K/10K/13.1 SUMMER",2025-07-26T12:30:00Z,,[],,,Moderate,N/A
PredictHQ,CHICAGO DISC JOCKEY JULY MEET UP,2025-07-22T23:00:00Z,,[],,,Moderate,N/A
PredictHQ,2025 Northbrook Grand Prix (Chicago Grit Pro/Am Bike Races),2025-07-24T16:00:00Z,,[],,,Moderate,N/A
PredictHQ,Renegade Chicago ~ Logan Square,2025-07-19T16:00:00Z,,[],,,Moderate,N/A
PredictHQ,65th Dearborn Garden Walk in Chicago's Near North/Gold Coast,2025-07-20T17:00:00Z,,[],,,Moderate,N/A
PredictHQ,Chicago Stunt Fest 2025,2025-07-20T16:00:00Z,,[],,,Moderate,N/A
PredictHQ,RUSH HOUR CONCERTS | | ARS MUSICA CHICAGO,2025-07-22T22:45:00Z,,[],,,Moderate,N/A
PredictHQ,Hush Hush Comedy Hour,2025-07-24T01:00:00Z,,[],,,Moderate,N/A
PredictHQ,Chicago Office New Investor Seminar,2025-07-23T14:00:00Z,,[],,,Moderate,N/A
PredictHQ,the smallprov show,2025-07-24T01:00:00Z,,[],,,Moderate,N/A
PredictHQ,Thursday Night Stand Up at Laugh Factory Chicago,2025-07-25T00:00:00Z,,[],,,Moderate,N/A
PredictHQ,"Free Home Buyer Seminar: Ryan -State & Lake Tavern, 201 N State, Chicago IL",2025-07-23T23:30:00Z,,[],,,Moderate,N/A
PredictHQ,The Thursday Show: Chicago's Funniest Comedians with New Jokes!,2025-07-25T00:00:00Z,,[],,,Moderate,N/A
PredictHQ,PCA-Chicago Autocross Sponsored by Midwest Performance Cars,2025-07-26T12:30:00Z,,[],,,Moderate,N/A
PredictHQ,Sunday Best,2025-07-21T00:30:00Z,,[],,,Moderate,N/A
PredictHQ,11th Annual El Gran Festival Colombiano de Chicago,2025-07-21T03:59:00Z,,[],,,Moderate,N/A
PredictHQ,Channel Champions Chicago: Cubs vs. White Sox Showdown! ‚öæ,2025-07-25T20:30:00Z,,[],,,Moderate,N/A
PredictHQ,Chicago Community Dashboard: Englewood & Little Village Partners,2025-07-24T13:30:00Z,,[],,,Moderate,N/A
PredictHQ,BEEJAY.TV Summer Meet and Greet Tour Chicago,2025-07-25T20:00:00Z,,[],,,Moderate,N/A
PredictHQ,Cal Alumni Club of Chicago Summer Welcome Party 2025,2025-07-27T18:00:00Z,,[],,,Moderate,N/A
PredictHQ,CHICAGO STYLE WITH WILDCARD CRICKET 200%,2025-07-26T18:00:00Z,,[],,,Moderate,N/A
PredictHQ,Release + House Therapy Presents Sound Factory CLT  Tale Of 2 Cities,2025-07-25T01:00:00Z,,[],,,Moderate,N/A
PredictHQ,Weekly Chicago Steppin Classes: Thursdays at Kay's,2025-07-24T23:00:00Z,,[],,,Moderate,N/A
PredictHQ,GWCN Chicago: Albany Park Walk,2025-07-26T18:00:00Z,,[],,,Moderate,N/A
PredictHQ,Amy Stephan & Co. Live @ The Bunker West Chicago,2025-07-27T01:00:00Z,,[],,,Moderate,N/A
PredictHQ,"Chicago/Earth, Wind & Fire Tributes: Brass Tracks Band - Fri., 7/25, Doors open 6:30 p.m., Show at 7:30 p.m.",2025-07-26T00:30:00Z,,[],,,Moderate,N/A
PredictHQ,TNT Chicago (AC/CD) w/Houses of the Holy (Zeppelin),2025-07-26T00:00:00Z,,[],,,Moderate,N/A
PredictHQ,Chicago In-Person Leading SAFe Training Scaled Agile Agilist Certification,2025-07-21T14:00:00Z,,[],,,Moderate,N/A
PredictHQ,PUPS ON THE PATIO - Chicago Burger Co. Patio,2025-07-26T17:00:00Z,,[],,,Moderate,N/A
PredictHQ,The Perspective Tour Chicago,2025-07-27T15:00:00Z,,[],,,Moderate,N/A
PredictHQ,Pro Wrestling Tees presents: ALL ELITE COMEDY Live in Chicago!,2025-07-25T01:00:00Z,,[],,,Moderate,N/A
PredictHQ,Laughter Hours: Late Night Jazzy-Themed Comedy Show,2025-07-26T04:00:00Z,,[],,,Moderate,N/A
PredictHQ,Word to the Wise,2025-07-23T00:30:00Z,,[],,,Moderate,N/A
PredictHQ,Alvin Kuai LIVE in Chicago,2025-07-26T01:00:00Z,,[],,,Moderate,N/A
PredictHQ,The 2025 Hub City Comedy Week: Chicago's Best Comedians,2025-07-20T01:00:00Z,,[],,,Moderate,N/A
PredictHQ,Joke Sistas Chicago,2025-07-27T02:30:00Z,,[],,,Moderate,N/A
PredictHQ,Late Night at The Lodge,2025-07-25T02:00:00Z,,[],,,Moderate,N/A
PredictHQ,Meredith Marks: Big Top Drag Brunch- Chicago,2025-07-27T17:00:00Z,,[],,,Moderate,N/A
PredictHQ,Cat Jam Chicago at The Insect Asylum!,2025-07-23T00:00:00Z,,[],,,Moderate,N/A
PredictHQ,Old Yorkers At The Gutter Spare Room,2025-07-23T01:00:00Z,,[],,,Moderate,N/A
PredictHQ,Roast Battle Chicago at Zanies Chicago,2025-07-25T02:15:00Z,,[],,,Moderate,N/A
PredictHQ,Dr. Fix Me LIVE in Chicago!,2025-07-20T02:30:00Z,,[],,,Moderate,N/A
PredictHQ,Uncensored Comedy - Chicago‚Äôs most unfiltered late night comedy show,2025-07-27T03:00:00Z,,[],,,Moderate,N/A
PredictHQ,Nurses Night Out at City Winery - Chicago,2025-07-24T00:30:00Z,,[],,,Moderate,N/A
PredictHQ,FREE STANDUP COMEDY NIGHT IN WICKER PARK/LOGAN SQUARE,2025-07-23T02:00:00Z,,[],,,Moderate,N/A
PredictHQ,ACTV Club IRL: Vuori Fashion Outlets of Chicago x Orangetheory Fitness,2025-07-26T13:00:00Z,,[],,,Moderate,N/A
PredictHQ,Take the First Step Chicago Stepping Workshops,2025-07-25T23:00:00Z,,[],,,Moderate,N/A
PredictHQ,Trap and R&B Yoga - Chicago,2025-07-27T17:00:00Z,,[],,,Moderate,N/A
PredictHQ,Local Laughs Standup Showcase,2025-07-26T01:00:00Z,,[],,,Moderate,N/A
PredictHQ,"Robert Rolfe Feddersen LIVE at ILLUMINATED BREW WORKS-CHICAGO ""RADIOVILLE"" record release Bash! 7-9p",2025-07-20T00:00:00Z,,[],,,Moderate,N/A
PredictHQ,MY BUDDY'S LIVE!  FREE COMEDY SHOW EVERY THURSDAY AT 10PM,2025-07-25T02:30:00Z,,[],,,Moderate,N/A
PredictHQ,The Letdown Goes Long,2025-07-26T00:30:00Z,,[],,,Moderate,N/A
PredictHQ,Chicago Park Elementary School District - Summer Break,2025-06-07T00:00:00Z,,[],,,Moderate,N/A
PredictHQ,Men's Heart Health: A Community Conversation,2025-07-23T23:00:00Z,,[],,,Moderate,N/A
PredictHQ,Chicago Heartfulness Center Heartfulness Celebration.,2025-07-27T13:30:00Z,,[],,,Moderate,N/A
PredictHQ,"SILENT PARTY CHICAGO ""I JUST LOOK INNOCENT""(Trap, RnB, Twerk)",2025-07-26T03:00:00Z,,[],,,Moderate,N/A
PredictHQ,AWE Nite Chicago | The Next Evolution Immersive Technology Meetup,2025-07-23T23:00:00Z,,[],,,Moderate,N/A
PredictHQ,Puppy Yoga Chicago,2025-07-26T18:15:00Z,,[],,,Moderate,N/A
PredictHQ,CHICAGO SUMMER SOIREE!,2025-07-20T01:00:00Z,,[],,,Moderate,N/A
PredictHQ,Parenting Challenges! What is Normal? What is Not?  How To Deal With It.,2025-07-23T16:00:00Z,,[],,,Moderate,N/A
PredictHQ,Chicago Northwest Job Fair - Sales and Management,2025-07-22T23:00:00Z,,[],,,Moderate,N/A
PredictHQ,Moderate Delays - Chicago O'Hare International Airport (ORD),2025-07-20T02:00:00Z,,[],,,Minor,N/A
PredictHQ,Moderate Delays - Chicago Rockford International Airport (RFD),2025-07-20T02:00:00Z,,[],,,Minor,N/A
PredictHQ,Chicago Symphony Orchestra: Marin Alsop & Stephen Williamson - Mendelssohn & Elgar,2025-07-26T23:00:00Z,,[],,,Minor,N/A
PredictHQ,Guest Check: Chicago's Funniest Bartenders and Servers,2025-07-21T01:00:00Z,,[],,,Minor,N/A
PredictHQ,Beck w/ Chicago Symphony Orchestra,2025-07-24T00:30:00Z,,[],,,Minor,N/A
PredictHQ,Tight Ship Comedy! A live stand-up comedy show!,2025-07-25T00:30:00Z,,[],,,Minor,N/A
PredictHQ,FreakShow & Tell LIVE in Chicago!,2025-07-20T00:00:00Z,,[],,,Minor,N/A
PredictHQ,Chicago - The Band,2025-07-24T23:00:00Z,,[],,,Minor,N/A
PredictHQ,Make Some Noise Open Mic,2025-07-22T00:00:00Z,,[],,,Minor,N/A
PredictHQ,"CHICAGO AMERICANAFEST! @ Montrose Saloon, Saturday July 26",2025-07-27T00:00:00Z,,[],,,Minor,N/A
PredictHQ,Chicago Symphony Orchestra - Italian Mendelssohn and Elgar‚Äôs Enigma at Ravinia,2025-07-27T22:00:00Z,,[],,,Minor,N/A
PredictHQ,Friday Night Standup Comedy at Laugh Factory Chicago!,2025-07-26T00:00:00Z,,[],,,Minor,N/A
PredictHQ,Chicago Symphony Orchestra - Beethoven‚Äôs Seventh Symphony at Ravinia,2025-07-20T22:00:00Z,,[],,,Minor,N/A
PredictHQ,Prime Time  - Chicago's hottest comedy showcase,2025-07-20T02:00:00Z,,[],,,Minor,N/A
PredictHQ,Stand Up Comedy at Laugh And Enjoy Comedy Club West Chicago,2025-07-26T01:00:00Z,,[],,,Minor,N/A
PredictHQ,Lake Country DockHounds vs Chicago Dogs,2025-07-20T20:00:00Z,,[],,,Minor,N/A
PredictHQ,Schtick @ Schubas Free Comedy Showcase,2025-07-24T01:00:00Z,,[],,,Minor,N/A
PredictHQ,Chicago Korean Dance Company,2025-07-27T22:30:00Z,,[],,,Minor,N/A
PredictHQ,Chicago Comedy Club at the House of Blues!,2025-07-25T00:30:00Z,,[],,,Minor,N/A
PredictHQ,"CHICAGO AMERICANAFEST! @ Montrose Saloon, Sunday July 27",2025-07-27T23:00:00Z,,[],,,Minor,N/A
PredictHQ,Chicago Tribute Authority-Seattle @ Chehalis Music In The Park (w/ The Power Players),2025-07-26T02:00:00Z,,[],,,Minor,N/A
